,1953,1954,1955,1956,1957,1958,1959,1960,1961,1962,1963,1964,1965,1966,1967,1968,1969,1970,1971,1972,1973,1974,1975,1976,1977,1978,1979,1980,1981,1982,1983,1984,1985,1986,1987,1988,1989,1990,1991,1992,1993,1994,1995,1996,1997,1998,1999,2000,2001,2002,2003,2004,2005,2006,2007,2008,2009,2010,2011,2012,2013,2014,2015,2016,2017,2018,state
0,[],[],[],[],[],[],[],[],[],[],[],[],[],[],[],[],[],[],[],[],[],[],[],[],[],[],[],[],[],[],[],[],[],[],[],[],[],[],[],[],[],[],[],[],[],[],[],[],[],[],[],[],[],[],[],[],[],[],[],[],[],[],[],[],"['SEA', 'SEA', 'SEA', 'SEA', 'SEA', 'SEA', 'SEA', 'SEA', 'SEA', 'SEA', 'SEA', 'SEA']","['SEA', 'SEA', 'SEA']",AK
1,[],[],[],[],[],[],[],[],[],[],[],[],[],[],[],[],[],[],[],[],[],[],[],[],[],[],[],[],[],[],[],[],[],[],[],[],[],[],[],[],[],[],[],[],[],[],[],[],[],[],[],[],[],[],[],[],[],[],[],[],[],[],[],[],[],[],AL
2,,,,,[],[],,[],[],,[],[],,,,[],[],,,[],[],[],[],[],[],[],[],[],,[],[],,,,,[],[],[],[],[],,[],,[],[],[],[],,[],[],[],[],[],[],,[],[],[],[],,[],[],[],[],[],,AR
3,[],[],[],[],[],[],[],[],[],[],[],[],[],[],[],[],[],[],[],[],[],[],[],[],[],[],[],[],[],[],[],[],[],[],[],[],[],[],[],[],[],[],[],[],[],[],[],[],[],[],[],[],[],[],[],[],[],[],[],[],[],[],[],[],[],[],AS
4,[],[],[],[],[],[],[],[],[],[],[],[],[],[],[],[],[],[],[],[],[],[],[],[],[],[],[],[],[],[],[],[],[],[],[],[],[],[],[],[],[],[],[],[],[],[],[],[],[],[],[],[],[],[],[],[],[],[],[],[],[],[],[],[],"['HOU', 'TLV', 'SDF', 'BTV', 'HOU', 'TLV', 'SDF', 'BTV', 'HOU', 'TLV', 'SDF', 'BTV', 'HOU', 'TLV', 'SDF', 'BTV', 'HOU', 'TLV', 'SDF', 'BTV', 'HOU', 'TLV', 'SDF', 'BTV', 'HOU', 'TLV', 'SDF', 'BTV', 'HOU', 'TLV', 'SDF', 'BTV', 'HOU', 'TLV', 'SDF', 'BTV', 'HOU', 'TLV', 'SDF', 'BTV', 'HOU', 'TLV', 'SDF', 'BTV', 'HOU', 'TLV', 'SDF', 'BTV']","['HOU', 'TLV', 'SDF', 'BTV', 'HOU', 'TLV', 'SDF', 'BTV', 'HOU', 'TLV', 'SDF', 'BTV']",AZ
5,[],[],[],[],[],[],[],[],[],[],[],[],[],[],[],[],[],[],[],[],[],[],[],[],[],[],[],[],[],[],[],[],[],[],[],[],[],[],[],[],[],[],[],[],[],[],[],[],[],[],[],[],[],[],[],[],[],[],[],[],[],[],[],[],"['SEA', 'MSP', 'WAS', 'PAR', 'MBJ', 'SJO', 'SEA', 'MSP', 'WAS', 'PAR', 'MBJ', 'SJO', 'NYC', 'LON', 'SFO', 'MAD', 'BOM', 'BCN', 'MIL', 'MRS', 'IEV', 'DOH', 'SEA', 'MSP', 'WAS', 'PAR', 'MBJ', 'SJO', 'NYC', 'LON', 'SFO', 'MAD', 'BOM', 'BCN', 'MIL', 'MRS', 'IEV', 'DOH', 'LAX', 'LAS', 'CHI', 'BLR', 'SIN', 'SNA', 'IST', 'SEA', 'MSP', 'WAS', 'PAR', 'MBJ', 'SJO', 'NYC', 'LON', 'SFO', 'MAD', 'BOM', 'BCN', 'MIL', 'MRS', 'IEV', 'DOH', 'LAX', 'LAS', 'CHI', 'BLR', 'SIN', 'SNA', 'IST', 'SEA', 'MSP', 'WAS', 'PAR', 'MBJ', 'SJO', 'NYC', 'LON', 'SFO', 'MAD', 'BOM', 'BCN', 'MIL', 'MRS', 'IEV', 'DOH', 'LAX', 'LAS', 'CHI', 'BLR', 'SIN', 'SNA', 'IST', 'SEA', 'MSP', 'WAS', 'PAR', 'MBJ', 'SJO', 'NYC', 'LON', 'SFO', 'MAD', 'BOM', 'BCN', 'MIL', 'MRS', 'IEV', 'DOH', 'LAX', 'LAS', 'CHI', 'BLR', 'SIN', 'SNA', 'IST', 'SEA', 'MSP', 'WAS', 'PAR', 'MBJ', 'SJO', 'NYC', 'LON', 'SFO', 'MAD', 'BOM', 'BCN', 'MIL', 'MRS', 'IEV', 'DOH', 'LAX', 'LAS', 'CHI', 'BLR', 'SIN', 'SNA', 'IST', 'SEA', 'MSP', 'WAS', 'PAR', 'MBJ', 'SJO', 'NYC', 'LON', 'SFO', 'MAD', 'BOM', 'BCN', 'MIL', 'MRS', 'IEV', 'DOH', 'LAX', 'LAS', 'CHI', 'BLR', 'SIN', 'SNA', 'IST', 'SEA', 'MSP', 'WAS', 'PAR', 'MBJ', 'SJO', 'NYC', 'LON', 'SFO', 'MAD', 'BOM', 'BCN', 'MIL', 'MRS', 'IEV', 'DOH', 'LAX', 'LAS', 'CHI', 'BLR', 'SIN', 'SNA', 'IST', 'SEA', 'MSP', 'WAS', 'PAR', 'MBJ', 'SJO', 'NYC', 'LON', 'SFO', 'MAD', 'BOM', 'BCN', 'MIL', 'MRS', 'IEV', 'DOH', 'LAX', 'LAS', 'CHI', 'BLR', 'SIN', 'SNA', 'IST', 'SEA', 'MSP', 'WAS', 'PAR', 'MBJ', 'SJO', 'NYC', 'LON', 'SFO', 'MAD', 'BOM', 'BCN', 'MIL', 'MRS', 'IEV', 'DOH', 'LAX', 'LAS', 'CHI', 'BLR', 'SIN', 'SNA', 'IST', 'SEA', 'MSP', 'WAS', 'PAR', 'MBJ', 'SJO', 'NYC', 'LON', 'SFO', 'MAD', 'BOM', 'BCN', 'MIL', 'MRS', 'IEV', 'DOH', 'LAX', 'LAS', 'CHI', 'BLR', 'SIN', 'SNA', 'IST', 'SEA', 'MSP', 'WAS', 'PAR', 'MBJ', 'SJO', 'NYC', 'LON', 'SFO', 'MAD', 'BOM', 'BCN', 'MIL', 'MRS', 'IEV', 'DOH', 'LAX', 'LAS', 'CHI', 'BLR', 'SIN', 'SNA', 'IST', 'SEA', 'MSP', 'WAS', 'PAR', 'MBJ', 'SJO', 'NYC', 'LON', 'SFO', 'MAD', 'BOM', 'BCN', 'MIL', 'MRS', 'IEV', 'DOH', 'LAX', 'LAS', 'CHI', 'BLR', 'SIN', 'SNA', 'IST', 'SEA', 'MSP', 'WAS', 'PAR', 'MBJ', 'SJO', 'NYC', 'LON', 'SFO', 'MAD', 'BOM', 'BCN', 'MIL', 'MRS', 'IEV', 'DOH', 'LAX', 'LAS', 'CHI', 'BLR', 'SIN', 'SNA', 'IST', 'SEA', 'MSP', 'WAS', 'PAR', 'MBJ', 'SJO', 'NYC', 'LON', 'SFO', 'MAD', 'BOM', 'BCN', 'MIL', 'MRS', 'IEV', 'DOH', 'LAX', 'LAS', 'CHI', 'BLR', 'SIN', 'SNA', 'IST', 'SEA', 'MSP', 'WAS', 'PAR', 'MBJ', 'SJO', 'NYC', 'LON', 'SFO', 'MAD', 'BOM', 'BCN', 'MIL', 'MRS', 'IEV', 'DOH', 'LAX', 'LAS', 'CHI', 'BLR', 'SIN', 'SNA', 'IST', 'SEA', 'MSP', 'WAS', 'PAR', 'MBJ', 'SJO', 'NYC', 'LON', 'SFO', 'MAD', 'BOM', 'BCN', 'MIL', 'MRS', 'IEV', 'DOH', 'LAX', 'LAS', 'CHI', 'BLR', 'SIN', 'SNA', 'IST', 'SEA', 'MSP', 'WAS', 'PAR', 'MBJ', 'SJO', 'NYC', 'LON', 'SFO', 'MAD', 'BOM', 'BCN', 'MIL', 'MRS', 'IEV', 'DOH', 'LAX', 'LAS', 'CHI', 'BLR', 'SIN', 'SNA', 'IST', 'SEA', 'MSP', 'WAS', 'PAR', 'MBJ', 'SJO', 'NYC', 'LON', 'SFO', 'MAD', 'BOM', 'BCN', 'MIL', 'MRS', 'IEV', 'DOH', 'LAX', 'LAS', 'CHI', 'BLR', 'SIN', 'SNA', 'IST', 'SEA', 'MSP', 'WAS', 'PAR', 'MBJ', 'SJO', 'NYC', 'LON', 'SFO', 'MAD', 'BOM', 'BCN', 'MIL', 'MRS', 'IEV', 'DOH', 'LAX', 'LAS', 'CHI', 'BLR', 'SIN', 'SNA', 'IST', 'SEA', 'MSP', 'WAS', 'PAR', 'MBJ', 'SJO', 'NYC', 'LON', 'SFO', 'MAD', 'BOM', 'BCN', 'MIL', 'MRS', 'IEV', 'DOH', 'LAX', 'LAS', 'CHI', 'BLR', 'SIN', 'SNA', 'IST', 'SEA', 'MSP', 'WAS', 'PAR', 'MBJ', 'SJO', 'NYC', 'LON', 'SFO', 'MAD', 'BOM', 'BCN', 'MIL', 'MRS', 'IEV', 'DOH', 'LAX', 'LAS', 'CHI', 'BLR', 'SIN', 'SNA', 'IST', 'SEA', 'MSP', 'WAS', 'PAR', 'MBJ', 'SJO', 'NYC', 'LON', 'SFO', 'MAD', 'BOM', 'BCN', 'MIL', 'MRS', 'IEV', 'DOH', 'LAX', 'LAS', 'CHI', 'BLR', 'SIN', 'SNA', 'IST', 'SEA', 'MSP', 'WAS', 'PAR', 'MBJ', 'SJO', 'NYC', 'LON', 'SFO', 'MAD', 'BOM', 'BCN', 'MIL', 'MRS', 'IEV', 'DOH', 'LAX', 'LAS', 'CHI', 'BLR', 'SIN', 'SNA', 'IST', 'SEA', 'MSP', 'WAS', 'PAR', 'MBJ', 'SJO', 'NYC', 'LON', 'SFO', 'MAD', 'BOM', 'BCN', 'MIL', 'MRS', 'IEV', 'DOH', 'LAX', 'LAS', 'CHI', 'BLR', 'SIN', 'SNA', 'IST', 'SEA', 'MSP', 'WAS', 'PAR', 'MBJ', 'SJO', 'NYC', 'LON', 'SFO', 'MAD', 'BOM', 'BCN', 'MIL', 'MRS', 'IEV', 'DOH', 'LAX', 'LAS', 'CHI', 'BLR', 'SIN', 'SNA', 'IST', 'SEA', 'MSP', 'WAS', 'PAR', 'MBJ', 'SJO', 'NYC', 'LON', 'SFO', 'MAD', 'BOM', 'BCN', 'MIL', 'MRS', 'IEV', 'DOH', 'LAX', 'LAS', 'CHI', 'BLR', 'SIN', 'SNA', 'IST', 'SEA', 'MSP', 'WAS', 'PAR', 'MBJ', 'SJO', 'NYC', 'LON', 'SFO', 'MAD', 'BOM', 'BCN', 'MIL', 'MRS', 'IEV', 'DOH', 'LAX', 'LAS', 'CHI', 'BLR', 'SIN', 'SNA', 'IST', 'SEA', 'MSP', 'WAS', 'PAR', 'MBJ', 'SJO', 'NYC', 'LON', 'SFO', 'MAD', 'BOM', 'BCN', 'MIL', 'MRS', 'IEV', 'DOH', 'LAX', 'LAS', 'CHI', 'BLR', 'SIN', 'SNA', 'IST', 'SEA', 'MSP', 'WAS', 'PAR', 'MBJ', 'SJO', 'NYC', 'LON', 'SFO', 'MAD', 'BOM', 'BCN', 'MIL', 'MRS', 'IEV', 'DOH', 'LAX', 'LAS', 'CHI', 'BLR', 'SIN', 'SNA', 'IST', 'SEA', 'MSP', 'WAS', 'PAR', 'MBJ', 'SJO', 'NYC', 'LON', 'SFO', 'MAD', 'BOM', 'BCN', 'MIL', 'MRS', 'IEV', 'DOH', 'LAX', 'LAS', 'CHI', 'BLR', 'SIN', 'SNA', 'IST', 'SEA', 'MSP', 'WAS', 'PAR', 'MBJ', 'SJO', 'NYC', 'LON', 'SFO', 'MAD', 'BOM', 'BCN', 'MIL', 'MRS', 'IEV', 'DOH', 'LAX', 'LAS', 'CHI', 'BLR', 'SIN', 'SNA', 'IST', 'SEA', 'MSP', 'WAS', 'PAR', 'MBJ', 'SJO', 'NYC', 'LON', 'SFO', 'MAD', 'BOM', 'BCN', 'MIL', 'MRS', 'IEV', 'DOH', 'LAX', 'LAS', 'CHI', 'BLR', 'SIN', 'SNA', 'IST', 'SEA', 'MSP', 'WAS', 'PAR', 'MBJ', 'SJO', 'NYC', 'LON', 'SFO', 'MAD', 'BOM', 'BCN', 'MIL', 'MRS', 'IEV', 'DOH', 'LAX', 'LAS', 'CHI', 'BLR', 'SIN', 'SNA', 'IST', 'SEA', 'MSP', 'WAS', 'PAR', 'MBJ', 'SJO', 'NYC', 'LON', 'SFO', 'MAD', 'BOM', 'BCN', 'MIL', 'MRS', 'IEV', 'DOH', 'LAX', 'LAS', 'CHI', 'BLR', 'SIN', 'SNA', 'IST']","['SEA', 'WAS', 'MSP', 'PAR', 'MBJ', 'SJO', 'SEA', 'WAS', 'MSP', 'PAR', 'MBJ', 'SJO', 'NYC', 'LON', 'SFO', 'MAD', 'BOM', 'BCN', 'MIL', 'MRS', 'IEV', 'DOH', 'SEA', 'WAS', 'MSP', 'PAR', 'MBJ', 'SJO', 'NYC', 'LON', 'SFO', 'MAD', 'BOM', 'BCN', 'MIL', 'MRS', 'IEV', 'DOH', 'LAS', 'LAX', 'CHI', 'BLR', 'SIN', 'SNA', 'IST', 'SEA', 'WAS', 'MSP', 'PAR', 'MBJ', 'SJO', 'NYC', 'LON', 'SFO', 'MAD', 'BOM', 'BCN', 'MIL', 'MRS', 'IEV', 'DOH', 'LAS', 'LAX', 'CHI', 'BLR', 'SIN', 'SNA', 'IST', 'SEA', 'WAS', 'MSP', 'PAR', 'MBJ', 'SJO', 'NYC', 'LON', 'SFO', 'MAD', 'BOM', 'BCN', 'MIL', 'MRS', 'IEV', 'DOH', 'LAS', 'LAX', 'CHI', 'BLR', 'SIN', 'SNA', 'IST', 'SEA', 'WAS', 'MSP', 'PAR', 'MBJ', 'SJO', 'NYC', 'LON', 'SFO', 'MAD', 'BOM', 'BCN', 'MIL', 'MRS', 'IEV', 'DOH', 'LAS', 'LAX', 'CHI', 'BLR', 'SIN', 'SNA', 'IST', 'SEA', 'WAS', 'MSP', 'PAR', 'MBJ', 'SJO', 'NYC', 'LON', 'SFO', 'MAD', 'BOM', 'BCN', 'MIL', 'MRS', 'IEV', 'DOH', 'LAS', 'LAX', 'CHI', 'BLR', 'SIN', 'SNA', 'IST', 'SEA', 'WAS', 'MSP', 'PAR', 'MBJ', 'SJO', 'NYC', 'LON', 'SFO', 'MAD', 'BOM', 'BCN', 'MIL', 'MRS', 'IEV', 'DOH', 'LAS', 'LAX', 'CHI', 'BLR', 'SIN', 'SNA', 'IST', 'SEA', 'WAS', 'MSP', 'PAR', 'MBJ', 'SJO', 'NYC', 'LON', 'SFO', 'MAD', 'BOM', 'BCN', 'MIL', 'MRS', 'IEV', 'DOH', 'LAS', 'LAX', 'CHI', 'BLR', 'SIN', 'SNA', 'IST']",CA
6,[],[],[],[],[],[],[],[],[],[],[],[],[],[],[],[],[],[],[],[],[],[],[],[],[],[],[],[],[],[],[],[],[],[],[],[],[],[],[],[],[],[],[],[],[],[],[],[],[],[],[],[],[],[],[],[],[],[],[],[],[],[],[],[],"['SEA', 'BOS', 'MSY', 'PVR', 'CHS', 'MBJ', 'AUA', 'SEA', 'BOS', 'MSY', 'PVR', 'CHS', 'MBJ', 'AUA', 'SEA', 'BOS', 'MSY', 'PVR', 'CHS', 'MBJ', 'AUA', 'SEA', 'BOS', 'MSY', 'PVR', 'CHS', 'MBJ', 'AUA', 'SEA', 'BOS', 'MSY', 'PVR', 'CHS', 'MBJ', 'AUA', 'SEA', 'BOS', 'MSY', 'PVR', 'CHS', 'MBJ', 'AUA', 'SEA', 'BOS', 'MSY', 'PVR', 'CHS', 'MBJ', 'AUA', 'SEA', 'BOS', 'MSY', 'PVR', 'CHS', 'MBJ', 'AUA', 'SEA', 'BOS', 'MSY', 'PVR', 'CHS', 'MBJ', 'AUA', 'SEA', 'BOS', 'MSY', 'PVR', 'CHS', 'MBJ', 'AUA', 'SEA', 'BOS', 'MSY', 'PVR', 'CHS', 'MBJ', 'AUA', 'SEA', 'BOS', 'MSY', 'PVR', 'CHS', 'MBJ', 'AUA']","['SEA', 'BOS', 'MSY', 'PVR', 'CHS', 'MBJ', 'AUA', 'SEA', 'BOS', 'MSY', 'PVR', 'CHS', 'MBJ', 'AUA', 'SEA', 'BOS', 'MSY', 'PVR', 'CHS', 'MBJ', 'AUA']",CO
7,[],[],[],[],[],[],[],[],[],[],[],[],[],[],[],[],[],[],[],[],[],[],[],[],[],[],[],[],[],[],[],[],[],[],[],[],[],[],[],[],[],[],[],[],[],[],[],[],[],[],[],[],[],[],[],[],[],[],[],[],[],[],[],[],[],[],CT
8,,,,,,,,,,,,,,,,,,,,,,,,,,,,,,,,,,,,,[],,,,[],[],,[],,,,[],[],,[],,[],,,,[],[],[],[],[],,,[],,,DC
9,,,,,,,,,,[],,,[],,,,,,,,,,,,,,,,,,,,,,,,,,,[],[],[],,[],,[],[],,,,[],,[],[],,,,[],[],[],[],,,[],,,DE
10,[],,,,,,,[],,,[],[],[],,,,[],[],[],[],[],,[],,[],,[],[],,[],,[],[],[],,,,[],,[],[],[],[],[],,[],[],[],[],,[],[],[],[],[],[],[],,[],[],[],[],,[],"['YMQ', 'PDX', 'YYC', 'STX', 'IST', 'MNL', 'BKK', 'YMQ', 'PDX', 'YYC', 'STX', 'IST', 'MNL', 'BKK', 'LAX', 'BOS', 'AMS', 'SFO', 'KIN', 'COR', 'DFW', 'POP', 'RIC', 'YMQ', 'PDX', 'YYC', 'STX', 'IST', 'MNL', 'BKK', 'LAX', 'BOS', 'AMS', 'SFO', 'KIN', 'COR', 'DFW', 'POP', 'RIC', 'YMQ', 'PDX', 'YYC', 'STX', 'IST', 'MNL', 'BKK', 'LAX', 'BOS', 'AMS', 'SFO', 'KIN', 'COR', 'DFW', 'POP', 'RIC', 'YMQ', 'PDX', 'YYC', 'STX', 'IST', 'MNL', 'BKK', 'LAX', 'BOS', 'AMS', 'SFO', 'KIN', 'COR', 'DFW', 'POP', 'RIC', 'YMQ', 'PDX', 'YYC', 'STX', 'IST', 'MNL', 'BKK', 'LAX', 'BOS', 'AMS', 'SFO', 'KIN', 'COR', 'DFW', 'POP', 'RIC', 'YMQ', 'PDX', 'YYC', 'STX', 'IST', 'MNL', 'BKK', 'LAX', 'BOS', 'AMS', 'SFO', 'KIN', 'COR', 'DFW', 'POP', 'RIC', 'YMQ', 'PDX', 'YYC', 'STX', 'IST', 'MNL', 'BKK', 'LAX', 'BOS', 'AMS', 'SFO', 'KIN', 'COR', 'DFW', 'POP', 'RIC', 'YMQ', 'PDX', 'YYC', 'STX', 'IST', 'MNL', 'BKK', 'LAX', 'BOS', 'AMS', 'SFO', 'KIN', 'COR', 'DFW', 'POP', 'RIC', 'YMQ', 'PDX', 'YYC', 'STX', 'IST', 'MNL', 'BKK', 'LAX', 'BOS', 'AMS', 'SFO', 'KIN', 'COR', 'DFW', 'POP', 'RIC', 'YMQ', 'PDX', 'YYC', 'STX', 'IST', 'MNL', 'BKK', 'LAX', 'BOS', 'AMS', 'SFO', 'KIN', 'COR', 'DFW', 'POP', 'RIC', 'YMQ', 'PDX', 'YYC', 'STX', 'IST', 'MNL', 'BKK', 'LAX', 'BOS', 'AMS', 'SFO', 'KIN', 'COR', 'DFW', 'POP', 'RIC', 'YMQ', 'PDX', 'YYC', 'STX', 'IST', 'MNL', 'BKK', 'LAX', 'BOS', 'AMS', 'SFO', 'KIN', 'COR', 'DFW', 'POP', 'RIC', 'YMQ', 'PDX', 'YYC', 'STX', 'IST', 'MNL', 'BKK', 'LAX', 'BOS', 'AMS', 'SFO', 'KIN', 'COR', 'DFW', 'POP', 'RIC', 'YMQ', 'PDX', 'YYC', 'STX', 'IST', 'MNL', 'BKK', 'LAX', 'BOS', 'AMS', 'SFO', 'KIN', 'COR', 'DFW', 'POP', 'RIC', 'YMQ', 'PDX', 'YYC', 'STX', 'IST', 'MNL', 'BKK', 'LAX', 'BOS', 'AMS', 'SFO', 'KIN', 'COR', 'DFW', 'POP', 'RIC', 'YMQ', 'PDX', 'YYC', 'STX', 'IST', 'MNL', 'BKK', 'LAX', 'BOS', 'AMS', 'SFO', 'KIN', 'COR', 'DFW', 'POP', 'RIC', 'YMQ', 'PDX', 'YYC', 'STX', 'IST', 'MNL', 'BKK', 'LAX', 'BOS', 'AMS', 'SFO', 'KIN', 'COR', 'DFW', 'POP', 'RIC', 'YMQ', 'PDX', 'YYC', 'STX', 'IST', 'MNL', 'BKK', 'LAX', 'BOS', 'AMS', 'SFO', 'KIN', 'COR', 'DFW', 'POP', 'RIC', 'YMQ', 'PDX', 'YYC', 'STX', 'IST', 'MNL', 'BKK', 'LAX', 'BOS', 'AMS', 'SFO', 'KIN', 'COR', 'DFW', 'POP', 'RIC', 'YMQ', 'PDX', 'YYC', 'STX', 'IST', 'MNL', 'BKK', 'LAX', 'BOS', 'AMS', 'SFO', 'KIN', 'COR', 'DFW', 'POP', 'RIC', 'YMQ', 'PDX', 'YYC', 'STX', 'IST', 'MNL', 'BKK', 'LAX', 'BOS', 'AMS', 'SFO', 'KIN', 'COR', 'DFW', 'POP', 'RIC', 'YMQ', 'PDX', 'YYC', 'STX', 'IST', 'MNL', 'BKK', 'LAX', 'BOS', 'AMS', 'SFO', 'KIN', 'COR', 'DFW', 'POP', 'RIC', 'YMQ', 'PDX', 'YYC', 'STX', 'IST', 'MNL', 'BKK', 'LAX', 'BOS', 'AMS', 'SFO', 'KIN', 'COR', 'DFW', 'POP', 'RIC']",,FL
11,,,,,,,,,,,[],,[],,,,,,[],,,,,,,,,[],[],,,,,[],[],[],,,[],[],,,,,[],[],,,,[],[],[],,,[],,,,,,,,,,,,FM
12,[],[],,,,,,,[],,[],[],[],[],,,,,,,[],[],[],[],[],[],[],,,,,[],,,,,,[],[],,[],[],[],[],,[],[],[],[],,,[],[],,[],[],[],,[],,,[],[],[],"['CHI', 'MEX', 'PHX', 'TYO', 'HYD', 'HKG', 'MOW', 'SIN', 'KTM', 'CHI', 'MEX', 'PHX', 'TYO', 'HYD', 'HKG', 'MOW', 'SIN', 'KTM', 'CHI', 'MEX', 'PHX', 'TYO', 'HYD', 'HKG', 'MOW', 'SIN', 'KTM', 'CHI', 'MEX', 'PHX', 'TYO', 'HYD', 'HKG', 'MOW', 'SIN', 'KTM', 'CHI', 'MEX', 'PHX', 'TYO', 'HYD', 'HKG', 'MOW', 'SIN', 'KTM', 'CHI', 'MEX', 'PHX', 'TYO', 'HYD', 'HKG', 'MOW', 'SIN', 'KTM', 'CHI', 'MEX', 'PHX', 'TYO', 'HYD', 'HKG', 'MOW', 'SIN', 'KTM', 'CHI', 'MEX', 'PHX', 'TYO', 'HYD', 'HKG', 'MOW', 'SIN', 'KTM', 'CHI', 'MEX', 'PHX', 'TYO', 'HYD', 'HKG', 'MOW', 'SIN', 'KTM', 'CHI', 'MEX', 'PHX', 'TYO', 'HYD', 'HKG', 'MOW', 'SIN', 'KTM', 'CHI', 'MEX', 'PHX', 'TYO', 'HYD', 'HKG', 'MOW', 'SIN', 'KTM', 'CHI', 'MEX', 'PHX', 'TYO', 'HYD', 'HKG', 'MOW', 'SIN', 'KTM']",,GA
13,,,,,,,,,,,[],,,,,,,,,,,,,[],,,,,,,,,,,,[],,,[],[],,,,,,[],,,,[],[],[],,,,,,,,,,[],[],,,,GU
14,[],[],[],[],[],[],[],[],[],[],[],[],[],[],[],[],[],[],[],[],[],[],[],[],[],[],[],[],[],[],[],[],[],[],[],[],[],[],[],[],[],[],[],[],[],[],[],[],[],[],[],[],[],[],[],[],[],[],[],[],[],[],[],[],[],[],HI
15,[],[],[],[],[],[],[],[],[],[],[],[],[],[],[],[],[],[],[],[],[],[],[],[],[],[],[],[],[],[],[],[],[],[],[],[],[],[],[],[],[],[],[],[],[],[],[],[],[],[],[],[],[],[],[],[],[],[],[],[],[],[],[],[],[],[],IA
16,[],[],[],[],[],[],[],[],[],[],[],[],[],[],[],[],[],[],[],[],[],[],[],[],[],[],[],[],[],[],[],[],[],[],[],[],[],[],[],[],[],[],[],[],[],[],[],[],[],[],[],[],[],[],[],[],[],[],[],[],[],[],[],[],[],[],ID
17,,,,,[],,,,[],,,,[],,[],[],[],,,[],[],[],[],[],,,[],,[],[],[],,[],[],[],,[],[],,[],[],[],[],[],[],,[],,[],[],[],[],[],[],[],[],[],[],[],,[],[],,,,,IL
18,[],[],[],[],[],[],[],[],[],[],[],[],[],[],[],[],[],[],[],[],[],[],[],[],[],[],[],[],[],[],[],[],[],[],[],[],[],[],[],[],[],[],[],[],[],[],[],[],[],[],[],[],[],[],[],[],[],[],[],[],[],[],[],[],[],[],IN
19,[],[],[],[],[],[],[],[],[],[],[],[],[],[],[],[],[],[],[],[],[],[],[],[],[],[],[],[],[],[],[],[],[],[],[],[],[],[],[],[],[],[],[],[],[],[],[],[],[],[],[],[],[],[],[],[],[],[],[],[],[],[],[],[],[],[],KS
20,[],[],[],[],[],[],[],[],[],[],[],[],[],[],[],[],[],[],[],[],[],[],[],[],[],[],[],[],[],[],[],[],[],[],[],[],[],[],[],[],[],[],[],[],[],[],[],[],[],[],[],[],[],[],[],[],[],[],[],[],[],[],[],[],[],[],KY
21,[],,,[],[],[],,,,,[],[],[],,,,[],,[],,[],[],[],,[],[],[],[],,,[],[],[],,,[],[],[],[],[],[],[],[],,[],[],[],[],[],[],[],[],[],,[],[],,[],[],[],[],,[],[],[],,LA
22,[],[],[],[],[],[],[],[],[],[],[],[],[],[],[],[],[],[],[],[],[],[],[],[],[],[],[],[],[],[],[],[],[],[],[],[],[],[],[],[],[],[],[],[],[],[],[],[],[],[],[],[],[],[],[],[],[],[],[],[],[],[],[],[],"['NYC', 'LAS', 'PHL', 'MAD', 'BCN', 'PHX', 'SAO', 'SDQ', 'PDX', 'BJS', 'NYC', 'LAS', 'PHL', 'MAD', 'BCN', 'PHX', 'SAO', 'SDQ', 'PDX', 'BJS', 'NYC', 'LAS', 'PHL', 'MAD', 'BCN', 'PHX', 'SAO', 'SDQ', 'PDX', 'BJS', 'NYC', 'LAS', 'PHL', 'MAD', 'BCN', 'PHX', 'SAO', 'SDQ', 'PDX', 'BJS', 'NYC', 'LAS', 'PHL', 'MAD', 'BCN', 'PHX', 'SAO', 'SDQ', 'PDX', 'BJS', 'NYC', 'LAS', 'PHL', 'MAD', 'BCN', 'PHX', 'SAO', 'SDQ', 'PDX', 'BJS', 'NYC', 'LAS', 'PHL', 'MAD', 'BCN', 'PHX', 'SAO', 'SDQ', 'PDX', 'BJS', 'NYC', 'LAS', 'PHL', 'MAD', 'BCN', 'PHX', 'SAO', 'SDQ', 'PDX', 'BJS', 'NYC', 'LAS', 'PHL', 'MAD', 'BCN', 'PHX', 'SAO', 'SDQ', 'PDX', 'BJS', 'NYC', 'LAS', 'PHL', 'MAD', 'BCN', 'PHX', 'SAO', 'SDQ', 'PDX', 'BJS', 'NYC', 'LAS', 'PHL', 'MAD', 'BCN', 'PHX', 'SAO', 'SDQ', 'PDX', 'BJS', 'NYC', 'LAS', 'PHL', 'MAD', 'BCN', 'PHX', 'SAO', 'SDQ', 'PDX', 'BJS']","['NYC', 'LAS', 'PHL', 'MAD', 'BCN', 'PHX', 'SAO', 'SDQ', 'PDX', 'BJS', 'NYC', 'LAS', 'PHL', 'MAD', 'BCN', 'PHX', 'SAO', 'SDQ', 'PDX', 'BJS', 'NYC', 'LAS', 'PHL', 'MAD', 'BCN', 'PHX', 'SAO', 'SDQ', 'PDX', 'BJS']",MA
23,[],[],[],[],[],[],[],[],[],[],[],[],[],[],[],[],[],[],[],[],[],[],[],[],[],[],[],[],[],[],[],[],[],[],[],[],[],[],[],[],[],[],[],[],[],[],[],[],[],[],[],[],[],[],[],[],[],[],[],[],[],[],[],[],[],[],MD
24,[],[],[],[],[],[],[],[],[],[],[],[],[],[],[],[],[],[],[],[],[],[],[],[],[],[],[],[],[],[],[],[],[],[],[],[],[],[],[],[],[],[],[],[],[],[],[],[],[],[],[],[],[],[],[],[],[],[],[],[],[],[],[],[],[],[],ME
25,,,,,,,,,,,,,,,,,,,,,,,,,,,[],,,,,,,,[],[],,,,[],[],[],,,,[],,,,,,,,,,,,,,,,,,,,,MH
26,[],[],[],[],[],[],[],[],[],[],[],[],[],[],[],[],[],[],[],[],[],[],[],[],[],[],[],[],[],[],[],[],[],[],[],[],[],[],[],[],[],[],[],[],[],[],[],[],[],[],[],[],[],[],[],[],[],[],[],[],[],[],[],[],[],[],MI
27,[],[],[],[],[],[],[],[],[],[],[],[],[],[],[],[],[],[],[],[],[],[],[],[],[],[],[],[],[],[],[],[],[],[],[],[],[],[],[],[],[],[],[],[],[],[],[],[],[],[],[],[],[],[],[],[],[],[],[],[],[],[],[],[],"['ORL', 'SCL', 'ORL', 'SCL', 'ORL', 'SCL', 'ORL', 'SCL', 'ORL', 'SCL', 'ORL', 'SCL', 'ORL', 'SCL', 'ORL', 'SCL', 'ORL', 'SCL', 'ORL', 'SCL', 'ORL', 'SCL', 'ORL', 'SCL']","['ORL', 'SCL', 'ORL', 'SCL', 'ORL', 'SCL']",MN
28,,,,,[],,,[],[],,,[],[],,,,,,,,[],[],[],[],[],,[],[],,[],[],[],,[],,,,[],,,[],[],[],,,[],[],[],,[],[],[],[],[],[],[],[],[],[],,[],[],[],[],"['LAX', 'SJD', 'LAX', 'SJD', 'LAX', 'SJD', 'LAX', 'SJD', 'LAX', 'SJD', 'LAX', 'SJD', 'LAX', 'SJD', 'LAX', 'SJD', 'LAX', 'SJD', 'LAX', 'SJD', 'LAX', 'SJD', 'LAX', 'SJD']",,MO
29,[],[],[],[],[],[],[],[],[],[],[],[],[],[],[],[],[],[],[],[],[],[],[],[],[],[],[],[],[],[],[],[],[],[],[],[],[],[],[],[],[],[],[],[],[],[],[],[],[],[],[],[],[],[],[],[],[],[],[],[],[],[],[],[],[],[],MP
30,[],[],[],[],[],[],[],[],[],[],[],[],[],[],[],[],[],[],[],[],[],[],[],[],[],[],[],[],[],[],[],[],[],[],[],[],[],[],[],[],[],[],[],[],[],[],[],[],[],[],[],[],[],[],[],[],[],[],[],[],[],[],[],[],[],[],MS
31,[],[],[],[],[],[],[],[],[],[],[],[],[],[],[],[],[],[],[],[],[],[],[],[],[],[],[],[],[],[],[],[],[],[],[],[],[],[],[],[],[],[],[],[],[],[],[],[],[],[],[],[],[],[],[],[],[],[],[],[],[],[],[],[],[],[],MT
32,[],[],[],[],[],[],[],[],[],[],[],[],[],[],[],[],[],[],[],[],[],[],[],[],[],[],[],[],[],[],[],[],[],[],[],[],[],[],[],[],[],[],[],[],[],[],[],[],[],[],[],[],[],[],[],[],[],[],[],[],[],[],[],[],"['SLC', 'MIL', 'BKK', 'SLC', 'MIL', 'BKK', 'SLC', 'MIL', 'BKK', 'SLC', 'MIL', 'BKK', 'SLC', 'MIL', 'BKK', 'SLC', 'MIL', 'BKK', 'SLC', 'MIL', 'BKK', 'SLC', 'MIL', 'BKK', 'SLC', 'MIL', 'BKK', 'SLC', 'MIL', 'BKK', 'SLC', 'MIL', 'BKK', 'SLC', 'MIL', 'BKK']","['SLC', 'MIL', 'BKK', 'SLC', 'MIL', 'BKK', 'SLC', 'MIL', 'BKK']",NC
33,,,,,[],,,,,,,,[],[],,,[],[],,[],,[],[],[],,[],[],,,[],,,,,,,[],,,,[],[],[],[],[],[],[],[],[],[],[],[],[],[],[],,[],[],[],,[],[],,,[],,ND
34,[],[],[],[],[],[],[],[],[],[],[],[],[],[],[],[],[],[],[],[],[],[],[],[],[],[],[],[],[],[],[],[],[],[],[],[],[],[],[],[],[],[],[],[],[],[],[],[],[],[],[],[],[],[],[],[],[],[],[],[],[],[],[],[],"['DUB', 'DUB', 'DUB', 'DUB', 'DUB', 'DUB', 'DUB', 'DUB', 'DUB', 'DUB', 'DUB', 'DUB']","['DUB', 'DUB', 'DUB']",NE
35,[],[],[],[],[],[],[],[],[],[],[],[],[],[],[],[],[],[],[],[],[],[],[],[],[],[],[],[],[],[],[],[],[],[],[],[],[],[],[],[],[],[],[],[],[],[],[],[],[],[],[],[],[],[],[],[],[],[],[],[],[],[],[],[],[],[],NH
36,[],[],[],[],[],[],[],[],[],[],[],[],[],[],[],[],[],[],[],[],[],[],[],[],[],[],[],[],[],[],[],[],[],[],[],[],[],[],[],[],[],[],[],[],[],[],[],[],[],[],[],[],[],[],[],[],[],[],[],[],[],[],[],[],[],[],NJ
37,[],[],[],[],[],[],[],[],[],[],[],[],[],[],[],[],[],[],[],[],[],[],[],[],[],[],[],[],[],[],[],[],[],[],[],[],[],[],[],[],[],[],[],[],[],[],[],[],[],[],[],[],[],[],[],[],[],[],[],[],[],[],[],[],[],[],NM
38,[],[],[],[],[],[],[],[],[],[],[],[],[],[],[],[],[],[],[],[],[],[],[],[],[],[],[],[],[],[],[],[],[],[],[],[],[],[],[],[],[],[],[],[],[],[],[],[],[],[],[],[],[],[],[],[],[],[],[],[],[],[],[],[],"['NYC', 'SFO', 'LAX', 'MAD', 'WAS', 'CUN', 'BCN', 'ROM', 'AKL', 'NYC', 'SFO', 'LAX', 'MAD', 'WAS', 'CUN', 'BCN', 'ROM', 'AKL', 'NYC', 'SFO', 'LAX', 'MAD', 'WAS', 'CUN', 'BCN', 'ROM', 'AKL', 'NYC', 'SFO', 'LAX', 'MAD', 'WAS', 'CUN', 'BCN', 'ROM', 'AKL', 'NYC', 'SFO', 'LAX', 'MAD', 'WAS', 'CUN', 'BCN', 'ROM', 'AKL', 'NYC', 'SFO', 'LAX', 'MAD', 'WAS', 'CUN', 'BCN', 'ROM', 'AKL', 'NYC', 'SFO', 'LAX', 'MAD', 'WAS', 'CUN', 'BCN', 'ROM', 'AKL', 'NYC', 'SFO', 'LAX', 'MAD', 'WAS', 'CUN', 'BCN', 'ROM', 'AKL', 'NYC', 'SFO', 'LAX', 'MAD', 'WAS', 'CUN', 'BCN', 'ROM', 'AKL', 'NYC', 'SFO', 'LAX', 'MAD', 'WAS', 'CUN', 'BCN', 'ROM', 'AKL', 'NYC', 'SFO', 'LAX', 'MAD', 'WAS', 'CUN', 'BCN', 'ROM', 'AKL', 'NYC', 'SFO', 'LAX', 'MAD', 'WAS', 'CUN', 'BCN', 'ROM', 'AKL']","['NYC', 'SFO', 'LAX', 'MAD', 'WAS', 'CUN', 'BCN', 'ROM', 'AKL', 'NYC', 'SFO', 'LAX', 'MAD', 'WAS', 'CUN', 'BCN', 'ROM', 'AKL', 'NYC', 'SFO', 'LAX', 'MAD', 'WAS', 'CUN', 'BCN', 'ROM', 'AKL']",NV
39,[],[],[],[],[],[],[],[],[],[],[],[],[],[],[],[],[],[],[],[],[],[],[],[],[],[],[],[],[],[],[],[],[],[],[],[],[],[],[],[],[],[],[],[],[],[],[],[],[],[],[],[],[],[],[],[],[],[],[],[],[],[],[],[],[],[],NY
40,[],[],[],[],[],[],[],[],[],[],[],[],[],[],[],[],[],[],[],[],[],[],[],[],[],[],[],[],[],[],[],[],[],[],[],[],[],[],[],[],[],[],[],[],[],[],[],[],[],[],[],[],[],[],[],[],[],[],[],[],[],[],[],[],"['MIL', 'MIL', 'LAS', 'MIL', 'LAS', 'MIL', 'LAS', 'MIL', 'LAS', 'MIL', 'LAS', 'MIL', 'LAS', 'MIL', 'LAS', 'MIL', 'LAS', 'MIL', 'LAS', 'MIL', 'LAS', 'MIL', 'LAS', 'MIL', 'LAS', 'MIL', 'LAS', 'MIL', 'LAS', 'MIL', 'LAS', 'MIL', 'LAS', 'MIL', 'LAS']","['MIL', 'MIL', 'LAS', 'MIL', 'LAS', 'MIL', 'LAS', 'MIL', 'LAS', 'MIL', 'LAS']",OH
41,[],[],[],[],[],[],[],[],[],[],[],[],[],[],[],[],[],[],[],[],[],[],[],[],[],[],[],[],[],[],[],[],[],[],[],[],[],[],[],[],[],[],[],[],[],[],[],[],[],[],[],[],[],[],[],[],[],[],[],[],[],[],[],[],"['DEN', 'DEN', 'DEN', 'DEN', 'DEN', 'DEN', 'DEN', 'DEN', 'DEN', 'DEN', 'DEN', 'DEN']","['DEN', 'DEN', 'DEN']",OK
42,[],[],[],[],[],[],[],[],[],[],[],[],[],[],[],[],[],[],[],[],[],[],[],[],[],[],[],[],[],[],[],[],[],[],[],[],[],[],[],[],[],[],[],[],[],[],[],[],[],[],[],[],[],[],[],[],[],[],[],[],[],[],[],[],"['MSP', 'MSY', 'SJO', 'SJU', 'HYD', 'MSP', 'MSY', 'SJO', 'SJU', 'HYD', 'MSP', 'MSY', 'SJO', 'SJU', 'HYD', 'MSP', 'MSY', 'SJO', 'SJU', 'HYD', 'MSP', 'MSY', 'SJO', 'SJU', 'HYD', 'MSP', 'MSY', 'SJO', 'SJU', 'HYD', 'MSP', 'MSY', 'SJO', 'SJU', 'HYD', 'MSP', 'MSY', 'SJO', 'SJU', 'HYD', 'MSP', 'MSY', 'SJO', 'SJU', 'HYD', 'MSP', 'MSY', 'SJO', 'SJU', 'HYD', 'MSP', 'MSY', 'SJO', 'SJU', 'HYD', 'MSP', 'MSY', 'SJO', 'SJU', 'HYD']","['MSP', 'MSY', 'SJO', 'SJU', 'HYD', 'MSP', 'MSY', 'SJO', 'SJU', 'HYD', 'MSP', 'MSY', 'SJO', 'SJU', 'HYD']",OR
43,,,[],[],,,[],,,,,,[],,,,[],,[],[],[],,[],[],[],,,[],[],,,[],[],[],,,,,,,[],[],,[],[],[],[],,[],,[],[],[],[],[],,,[],[],[],[],[],,[],"['CHI', 'MEX', 'MSP', 'GUA', 'MYR', 'STX', 'CHI', 'MEX', 'MSP', 'GUA', 'MYR', 'STX', 'CHI', 'MEX', 'MSP', 'GUA', 'MYR', 'STX', 'CHI', 'MEX', 'MSP', 'GUA', 'MYR', 'STX', 'CHI', 'MEX', 'MSP', 'GUA', 'MYR', 'STX', 'CHI', 'MEX', 'MSP', 'GUA', 'MYR', 'STX', 'CHI', 'MEX', 'MSP', 'GUA', 'MYR', 'STX', 'CHI', 'MEX', 'MSP', 'GUA', 'MYR', 'STX', 'CHI', 'MEX', 'MSP', 'GUA', 'MYR', 'STX', 'CHI', 'MEX', 'MSP', 'GUA', 'MYR', 'STX', 'CHI', 'MEX', 'MSP', 'GUA', 'MYR', 'STX', 'CHI', 'MEX', 'MSP', 'GUA', 'MYR', 'STX']",,PA
44,,,,[],,,,,,,,[],,,,,,[],,,,[],[],,,,[],,,,,,[],[],,[],[],,,[],,,[],[],[],[],,[],[],[],,[],,[],,[],[],[],[],,,,,,[],,PR
45,,,,,,,,,,,,,,,[],[],,,,,,,,[],,,[],,,,,,,,,,,,[],,,,,,,,,,,,,,,,,,,,,,,,,,,,PW
46,,[],[],,,,,,,,,,,,,,,,,,,,,,,[],,,,,,,[],,,,,,[],[],[],,,[],[],,,,,,[],,[],,[],,,[],[],[],[],,[],,,,RI
47,[],[],[],[],[],[],[],[],[],[],[],[],[],[],[],[],[],[],[],[],[],[],[],[],[],[],[],[],[],[],[],[],[],[],[],[],[],[],[],[],[],[],[],[],[],[],[],[],[],[],[],[],[],[],[],[],[],[],[],[],[],[],[],[],[],[],SC
48,[],[],[],[],[],[],[],[],[],[],[],[],[],[],[],[],[],[],[],[],[],[],[],[],[],[],[],[],[],[],[],[],[],[],[],[],[],[],[],[],[],[],[],[],[],[],[],[],[],[],[],[],[],[],[],[],[],[],[],[],[],[],[],[],[],[],SD
49,,,,,,,,,,,[],,,,,,[],,[],[],[],[],[],,[],[],[],,,[],,[],,,,,,[],[],,[],[],[],,[],[],[],[],[],[],[],[],[],[],,[],[],[],[],[],,[],[],,"['BOS', 'LAX', 'MBJ', 'MSY', 'SYD', 'BOS', 'LAX', 'MBJ', 'MSY', 'SYD', 'BOS', 'LAX', 'MBJ', 'MSY', 'SYD', 'BOS', 'LAX', 'MBJ', 'MSY', 'SYD', 'BOS', 'LAX', 'MBJ', 'MSY', 'SYD', 'BOS', 'LAX', 'MBJ', 'MSY', 'SYD', 'BOS', 'LAX', 'MBJ', 'MSY', 'SYD', 'BOS', 'LAX', 'MBJ', 'MSY', 'SYD', 'BOS', 'LAX', 'MBJ', 'MSY', 'SYD', 'BOS', 'LAX', 'MBJ', 'MSY', 'SYD', 'BOS', 'LAX', 'MBJ', 'MSY', 'SYD', 'BOS', 'LAX', 'MBJ', 'MSY', 'SYD']",,TN
50,[],[],[],[],[],[],[],[],[],[],[],[],[],[],[],[],[],[],[],[],[],[],[],[],[],[],[],[],[],[],[],[],[],[],[],[],[],[],[],[],[],[],[],[],[],[],[],[],[],[],[],[],[],[],[],[],[],[],[],[],[],[],[],[],"['SFO', 'TPA', 'LOS', 'BKK', 'LIM', 'SGN', 'UIO', 'JED', 'ANC', 'SFO', 'TPA', 'LOS', 'BKK', 'LIM', 'SGN', 'UIO', 'JED', 'ANC', 'YTO', 'SJU', 'HNL', 'BJS', 'JNB', 'SFO', 'TPA', 'LOS', 'BKK', 'LIM', 'SGN', 'UIO', 'JED', 'ANC', 'YTO', 'SJU', 'HNL', 'BJS', 'JNB', 'DEN', 'SEA', 'FRA', 'SJO', 'CUN', 'MAA', 'SFO', 'TPA', 'LOS', 'BKK', 'LIM', 'SGN', 'UIO', 'JED', 'ANC', 'YTO', 'SJU', 'HNL', 'BJS', 'JNB', 'DEN', 'SEA', 'FRA', 'SJO', 'CUN', 'MAA', 'SFO', 'TPA', 'LOS', 'BKK', 'LIM', 'SGN', 'UIO', 'JED', 'ANC', 'YTO', 'SJU', 'HNL', 'BJS', 'JNB', 'DEN', 'SEA', 'FRA', 'SJO', 'CUN', 'MAA', 'SFO', 'TPA', 'LOS', 'BKK', 'LIM', 'SGN', 'UIO', 'JED', 'ANC', 'YTO', 'SJU', 'HNL', 'BJS', 'JNB', 'DEN', 'SEA', 'FRA', 'SJO', 'CUN', 'MAA', 'SFO', 'TPA', 'LOS', 'BKK', 'LIM', 'SGN', 'UIO', 'JED', 'ANC', 'YTO', 'SJU', 'HNL', 'BJS', 'JNB', 'DEN', 'SEA', 'FRA', 'SJO', 'CUN', 'MAA', 'SFO', 'TPA', 'LOS', 'BKK', 'LIM', 'SGN', 'UIO', 'JED', 'ANC', 'YTO', 'SJU', 'HNL', 'BJS', 'JNB', 'DEN', 'SEA', 'FRA', 'SJO', 'CUN', 'MAA', 'SFO', 'TPA', 'LOS', 'BKK', 'LIM', 'SGN', 'UIO', 'JED', 'ANC', 'YTO', 'SJU', 'HNL', 'BJS', 'JNB', 'DEN', 'SEA', 'FRA', 'SJO', 'CUN', 'MAA', 'SFO', 'TPA', 'LOS', 'BKK', 'LIM', 'SGN', 'UIO', 'JED', 'ANC', 'YTO', 'SJU', 'HNL', 'BJS', 'JNB', 'DEN', 'SEA', 'FRA', 'SJO', 'CUN', 'MAA', 'SFO', 'TPA', 'LOS', 'BKK', 'LIM', 'SGN', 'UIO', 'JED', 'ANC', 'YTO', 'SJU', 'HNL', 'BJS', 'JNB', 'DEN', 'SEA', 'FRA', 'SJO', 'CUN', 'MAA', 'SFO', 'TPA', 'LOS', 'BKK', 'LIM', 'SGN', 'UIO', 'JED', 'ANC', 'YTO', 'SJU', 'HNL', 'BJS', 'JNB', 'DEN', 'SEA', 'FRA', 'SJO', 'CUN', 'MAA', 'SFO', 'TPA', 'LOS', 'BKK', 'LIM', 'SGN', 'UIO', 'JED', 'ANC', 'YTO', 'SJU', 'HNL', 'BJS', 'JNB', 'DEN', 'SEA', 'FRA', 'SJO', 'CUN', 'MAA', 'SFO', 'TPA', 'LOS', 'BKK', 'LIM', 'SGN', 'UIO', 'JED', 'ANC', 'YTO', 'SJU', 'HNL', 'BJS', 'JNB', 'DEN', 'SEA', 'FRA', 'SJO', 'CUN', 'MAA', 'SFO', 'TPA', 'LOS', 'BKK', 'LIM', 'SGN', 'UIO', 'JED', 'ANC', 'YTO', 'SJU', 'HNL', 'BJS', 'JNB', 'DEN', 'SEA', 'FRA', 'SJO', 'CUN', 'MAA', 'SFO', 'TPA', 'LOS', 'BKK', 'LIM', 'SGN', 'UIO', 'JED', 'ANC', 'YTO', 'SJU', 'HNL', 'BJS', 'JNB', 'DEN', 'SEA', 'FRA', 'SJO', 'CUN', 'MAA', 'SFO', 'TPA', 'LOS', 'BKK', 'LIM', 'SGN', 'UIO', 'JED', 'ANC', 'YTO', 'SJU', 'HNL', 'BJS', 'JNB', 'DEN', 'SEA', 'FRA', 'SJO', 'CUN', 'MAA', 'SFO', 'TPA', 'LOS', 'BKK', 'LIM', 'SGN', 'UIO', 'JED', 'ANC', 'YTO', 'SJU', 'HNL', 'BJS', 'JNB', 'DEN', 'SEA', 'FRA', 'SJO', 'CUN', 'MAA', 'SFO', 'TPA', 'LOS', 'BKK', 'LIM', 'SGN', 'UIO', 'JED', 'ANC', 'YTO', 'SJU', 'HNL', 'BJS', 'JNB', 'DEN', 'SEA', 'FRA', 'SJO', 'CUN', 'MAA', 'SFO', 'TPA', 'LOS', 'BKK', 'LIM', 'SGN', 'UIO', 'JED', 'ANC', 'YTO', 'SJU', 'HNL', 'BJS', 'JNB', 'DEN', 'SEA', 'FRA', 'SJO', 'CUN', 'MAA', 'SFO', 'TPA', 'LOS', 'BKK', 'LIM', 'SGN', 'UIO', 'JED', 'ANC', 'YTO', 'SJU', 'HNL', 'BJS', 'JNB', 'DEN', 'SEA', 'FRA', 'SJO', 'CUN', 'MAA', 'SFO', 'TPA', 'LOS', 'BKK', 'LIM', 'SGN', 'UIO', 'JED', 'ANC', 'YTO', 'SJU', 'HNL', 'BJS', 'JNB', 'DEN', 'SEA', 'FRA', 'SJO', 'CUN', 'MAA', 'SFO', 'TPA', 'LOS', 'BKK', 'LIM', 'SGN', 'UIO', 'JED', 'ANC', 'YTO', 'SJU', 'HNL', 'BJS', 'JNB', 'DEN', 'SEA', 'FRA', 'SJO', 'CUN', 'MAA', 'SFO', 'TPA', 'LOS', 'BKK', 'LIM', 'SGN', 'UIO', 'JED', 'ANC', 'YTO', 'SJU', 'HNL', 'BJS', 'JNB', 'DEN', 'SEA', 'FRA', 'SJO', 'CUN', 'MAA', 'SFO', 'TPA', 'LOS', 'BKK', 'LIM', 'SGN', 'UIO', 'JED', 'ANC', 'YTO', 'SJU', 'HNL', 'BJS', 'JNB', 'DEN', 'SEA', 'FRA', 'SJO', 'CUN', 'MAA', 'SFO', 'TPA', 'LOS', 'BKK', 'LIM', 'SGN', 'UIO', 'JED', 'ANC', 'YTO', 'SJU', 'HNL', 'BJS', 'JNB', 'DEN', 'SEA', 'FRA', 'SJO', 'CUN', 'MAA', 'SFO', 'TPA', 'LOS', 'BKK', 'LIM', 'SGN', 'UIO', 'JED', 'ANC', 'YTO', 'SJU', 'HNL', 'BJS', 'JNB', 'DEN', 'SEA', 'FRA', 'SJO', 'CUN', 'MAA', 'SFO', 'TPA', 'LOS', 'BKK', 'LIM', 'SGN', 'UIO', 'JED', 'ANC', 'YTO', 'SJU', 'HNL', 'BJS', 'JNB', 'DEN', 'SEA', 'FRA', 'SJO', 'CUN', 'MAA', 'SFO', 'TPA', 'LOS', 'BKK', 'LIM', 'SGN', 'UIO', 'JED', 'ANC', 'YTO', 'SJU', 'HNL', 'BJS', 'JNB', 'DEN', 'SEA', 'FRA', 'SJO', 'CUN', 'MAA', 'SFO', 'TPA', 'LOS', 'BKK', 'LIM', 'SGN', 'UIO', 'JED', 'ANC', 'YTO', 'SJU', 'HNL', 'BJS', 'JNB', 'DEN', 'SEA', 'FRA', 'SJO', 'CUN', 'MAA', 'SFO', 'TPA', 'LOS', 'BKK', 'LIM', 'SGN', 'UIO', 'JED', 'ANC', 'YTO', 'SJU', 'HNL', 'BJS', 'JNB', 'DEN', 'SEA', 'FRA', 'SJO', 'CUN', 'MAA', 'SFO', 'TPA', 'LOS', 'BKK', 'LIM', 'SGN', 'UIO', 'JED', 'ANC', 'YTO', 'SJU', 'HNL', 'BJS', 'JNB', 'DEN', 'SEA', 'FRA', 'SJO', 'CUN', 'MAA', 'SFO', 'TPA', 'LOS', 'BKK', 'LIM', 'SGN', 'UIO', 'JED', 'ANC', 'YTO', 'SJU', 'HNL', 'BJS', 'JNB', 'DEN', 'SEA', 'FRA', 'SJO', 'CUN', 'MAA', 'SFO', 'TPA', 'LOS', 'BKK', 'LIM', 'SGN', 'UIO', 'JED', 'ANC', 'YTO', 'SJU', 'HNL', 'BJS', 'JNB', 'DEN', 'SEA', 'FRA', 'SJO', 'CUN', 'MAA', 'SFO', 'TPA', 'LOS', 'BKK', 'LIM', 'SGN', 'UIO', 'JED', 'ANC', 'YTO', 'SJU', 'HNL', 'BJS', 'JNB', 'DEN', 'SEA', 'FRA', 'SJO', 'CUN', 'MAA', 'SFO', 'TPA', 'LOS', 'BKK', 'LIM', 'SGN', 'UIO', 'JED', 'ANC', 'YTO', 'SJU', 'HNL', 'BJS', 'JNB', 'DEN', 'SEA', 'FRA', 'SJO', 'CUN', 'MAA']","['SFO', 'TPA', 'LOS', 'BKK', 'LIM', 'SGN', 'UIO', 'JED', 'ANC', 'SFO', 'TPA', 'LOS', 'BKK', 'LIM', 'SGN', 'UIO', 'JED', 'ANC', 'YTO', 'SJU', 'BJS', 'HNL', 'JNB', 'SFO', 'TPA', 'LOS', 'BKK', 'LIM', 'SGN', 'UIO', 'JED', 'ANC', 'YTO', 'SJU', 'BJS', 'HNL', 'JNB', 'DEN', 'SEA', 'FRA', 'CUN', 'SJO', 'MAA', 'SFO', 'TPA', 'LOS', 'BKK', 'LIM', 'SGN', 'UIO', 'JED', 'ANC', 'YTO', 'SJU', 'BJS', 'HNL', 'JNB', 'DEN', 'SEA', 'FRA', 'CUN', 'SJO', 'MAA', 'SFO', 'TPA', 'LOS', 'BKK', 'LIM', 'SGN', 'UIO', 'JED', 'ANC', 'YTO', 'SJU', 'BJS', 'HNL', 'JNB', 'DEN', 'SEA', 'FRA', 'CUN', 'SJO', 'MAA', 'SFO', 'TPA', 'LOS', 'BKK', 'LIM', 'SGN', 'UIO', 'JED', 'ANC', 'YTO', 'SJU', 'BJS', 'HNL', 'JNB', 'DEN', 'SEA', 'FRA', 'CUN', 'SJO', 'MAA', 'SFO', 'TPA', 'LOS', 'BKK', 'LIM', 'SGN', 'UIO', 'JED', 'ANC', 'YTO', 'SJU', 'BJS', 'HNL', 'JNB', 'DEN', 'SEA', 'FRA', 'CUN', 'SJO', 'MAA', 'SFO', 'TPA', 'LOS', 'BKK', 'LIM', 'SGN', 'UIO', 'JED', 'ANC', 'YTO', 'SJU', 'BJS', 'HNL', 'JNB', 'DEN', 'SEA', 'FRA', 'CUN', 'SJO', 'MAA', 'SFO', 'TPA', 'LOS', 'BKK', 'LIM', 'SGN', 'UIO', 'JED', 'ANC', 'YTO', 'SJU', 'BJS', 'HNL', 'JNB', 'DEN', 'SEA', 'FRA', 'CUN', 'SJO', 'MAA']",TX
51,[],[],[],[],[],[],[],[],[],[],[],[],[],[],[],[],[],[],[],[],[],[],[],[],[],[],[],[],[],[],[],[],[],[],[],[],[],[],[],[],[],[],[],[],[],[],[],[],[],[],[],[],[],[],[],[],[],[],[],[],[],[],[],[],"['LGB', 'AKL', 'BKK', 'RIO', 'LGB', 'AKL', 'BKK', 'RIO', 'LGB', 'AKL', 'BKK', 'RIO', 'LGB', 'AKL', 'BKK', 'RIO', 'LGB', 'AKL', 'BKK', 'RIO', 'LGB', 'AKL', 'BKK', 'RIO', 'LGB', 'AKL', 'BKK', 'RIO', 'LGB', 'AKL', 'BKK', 'RIO', 'LGB', 'AKL', 'BKK', 'RIO', 'LGB', 'AKL', 'BKK', 'RIO', 'LGB', 'AKL', 'BKK', 'RIO', 'LGB', 'AKL', 'BKK', 'RIO']","['LGB', 'AKL', 'BKK', 'RIO', 'LGB', 'AKL', 'BKK', 'RIO', 'LGB', 'AKL', 'BKK', 'RIO']",UT
52,[],[],[],[],[],[],[],[],[],[],[],[],[],[],[],[],[],[],[],[],[],[],[],[],[],[],[],[],[],[],[],[],[],[],[],[],[],[],[],[],[],[],[],[],[],[],[],[],[],[],[],[],[],[],[],[],[],[],[],[],[],[],[],[],[],[],VA
53,,,,,,,,,,,,[],,,,,,[],,,,[],[],,[],,[],,,,[],,[],,,,[],,,,,,[],[],,[],,[],,,,[],,,,[],,[],[],,,,,,[],,VI
54,[],[],[],[],[],[],[],[],[],[],[],[],[],[],[],[],[],[],[],[],[],[],[],[],[],[],[],[],[],[],[],[],[],[],[],[],[],[],[],[],[],[],[],[],[],[],[],[],[],[],[],[],[],[],[],[],[],[],[],[],[],[],[],[],[],[],VT
55,[],[],[],[],[],[],[],[],[],[],[],[],[],[],[],[],[],[],[],[],[],[],[],[],[],[],[],[],[],[],[],[],[],[],[],[],[],[],[],[],[],[],[],[],[],[],[],[],[],[],[],[],[],[],[],[],[],[],[],[],[],[],[],[],"['DTT', 'BNA', 'TPA', 'ABQ', 'CEB', 'RIO', 'EBB', 'JKT', 'DTT', 'BNA', 'TPA', 'ABQ', 'CEB', 'RIO', 'EBB', 'JKT', 'DTT', 'BNA', 'TPA', 'ABQ', 'CEB', 'RIO', 'EBB', 'JKT', 'DTT', 'BNA', 'TPA', 'ABQ', 'CEB', 'RIO', 'EBB', 'JKT', 'DTT', 'BNA', 'TPA', 'ABQ', 'CEB', 'RIO', 'EBB', 'JKT', 'DTT', 'BNA', 'TPA', 'ABQ', 'CEB', 'RIO', 'EBB', 'JKT', 'DTT', 'BNA', 'TPA', 'ABQ', 'CEB', 'RIO', 'EBB', 'JKT', 'DTT', 'BNA', 'TPA', 'ABQ', 'CEB', 'RIO', 'EBB', 'JKT', 'DTT', 'BNA', 'TPA', 'ABQ', 'CEB', 'RIO', 'EBB', 'JKT', 'DTT', 'BNA', 'TPA', 'ABQ', 'CEB', 'RIO', 'EBB', 'JKT', 'DTT', 'BNA', 'TPA', 'ABQ', 'CEB', 'RIO', 'EBB', 'JKT', 'DTT', 'BNA', 'TPA', 'ABQ', 'CEB', 'RIO', 'EBB', 'JKT']","['DTT', 'TPA', 'BNA', 'ABQ', 'CEB', 'RIO', 'EBB', 'JKT', 'DTT', 'TPA', 'BNA', 'ABQ', 'CEB', 'RIO', 'EBB', 'JKT', 'DTT', 'TPA', 'BNA', 'ABQ', 'CEB', 'RIO', 'EBB', 'JKT']",WA
56,[],[],[],[],[],[],[],[],[],[],[],[],[],[],[],[],[],[],[],[],[],[],[],[],[],[],[],[],[],[],[],[],[],[],[],[],[],[],[],[],[],[],[],[],[],[],[],[],[],[],[],[],[],[],[],[],[],[],[],[],[],[],[],[],"['STR', 'STR', 'STR', 'STR', 'STR', 'STR', 'STR', 'STR', 'STR', 'STR', 'STR', 'STR']","['STR', 'STR', 'STR']",WI
57,[],[],[],[],[],[],[],[],[],[],[],[],[],[],[],[],[],[],[],[],[],[],[],[],[],[],[],[],[],[],[],[],[],[],[],[],[],[],[],[],[],[],[],[],[],[],[],[],[],[],[],[],[],[],[],[],[],[],[],[],[],[],[],[],[],[],WV
58,[],[],[],[],[],[],[],[],[],[],[],[],[],[],[],[],[],[],[],[],[],[],[],[],[],[],[],[],[],[],[],[],[],[],[],[],[],[],[],[],[],[],[],[],[],[],[],[],[],[],[],[],[],[],[],[],[],[],[],[],[],[],[],[],[],[],WY
